company,position,tags,location,date,year_month
TELUS Digital,Rater the United States,"quality assurance, other",,2025-06-05 09:11:11+00:00,2025-06
Bitwise Asset Management,Senior Backend Software Engineer,"software, design, crypto, bitcoin, ethereum, system, code, financial, investment, finance, cloud, node.js, exec, management, senior, operational, analytics, reliability, engineer, engineering, backend, digital nomad",Remote,2025-06-05 09:00:10+00:00,2025-06
Loop,Senior Application Security Engineer,"security, technical, support, software, testing, code, serverless, cloud, management, lead, senior, engineer, engineering",,2025-06-04 22:00:05+00:00,2025-06
Walter,Virtual Assistant Latin America,english,,2025-06-04 18:13:14+00:00,2025-06
Neon Pagamentos,Advogada Junior Trabalhista,junior,Remoto,2025-06-04 00:00:08+00:00,2025-06
EverAI,Senior AI Marketing Video Editor,"marketing, full time, video",,2025-06-03 17:08:10+00:00,2025-06
Hostaway,Sales Development Representative Europe,"saas, support, growth, lead, marketing, sales, health",,2025-06-03 08:02:27+00:00,2025-06
Hostaway,Senior Product Manager Payments Europe,"manager, saas, security, growth, management, senior, health",,2025-06-03 08:02:04+00:00,2025-06
Leadr ,Account Executive,"hr, teach, training, support, software, growth, web, manager, leader, sales, go, executive",United States,2025-06-03 08:01:00+00:00,2025-06
Tameson,Sales Engineer EN,"technical, software, marketing, sales, engineer, ecommerce",,2025-06-03 08:00:52+00:00,2025-06
Caiz,Social Media Manager,"manager, crypto, system, security, support, voice, financial, finance, strategy, management, content, senior, operations, marketing",,2025-06-03 00:00:04+00:00,2025-06
Open Architects,Lead Data Engineer,"engineer, dev, devops, python, data, dataops",,2025-06-02 22:32:54+00:00,2025-06
EasyPost,Senior DevOps Engineer,"design, security, architect, technical, support, growth, devops, education, serverless, cloud, api, administrator, management, lead, senior, junior, operations, engineer, engineering, linux, digital nomad",Remote,2025-06-02 18:00:03+00:00,2025-06
Newton,Data Analyst Canada Wide,"analyst, crypto, python, financial, operational, analytics","Toronto, Ontario",2025-06-02 13:00:11+00:00,2025-06
Zen Educate,Product Engineer,"design, amazon, react, system, frontend, teacher, recruiter, support, growth, manager, financial, education, ruby, rails, mobile, lead, operations, heroku, engineer, engineering, backend, digital nomad",London,2025-06-02 12:00:03+00:00,2025-06
The Voleon Group,Data Scientist,"support, software, financial, investment, finance, health, executive",United States or Remote,2025-06-01 05:00:02+00:00,2025-06
Second Front Systems,Principal DevSecOps Engineer,"saas, security, game, support, software, code, cloud, strategy, operations, go, golang, health, engineer",Remote,2025-05-31 13:00:14+00:00,2025-05
Everbridge ,Software Engineer II,"software, system, front-end, security, full-stack, developer, web, scrum, devops, javascript, financial, typescript, mongodb, api, management, health, engineer, engineering, digital nomad",United States,2025-05-31 00:00:08+00:00,2025-05
Ritual,Video Editor and Content Creator,"technical, support, test, growth, web, voice, video, ads, content, marketing, legal, health, e-commerce",Remote,2025-05-30 05:00:02+00:00,2025-05
Nami ML,Senior React Native SDK Engineer,"dev, javascript, react native, mobile, typescript",,2025-05-29 22:36:46+00:00,2025-05
EverAI,Ruby on Rails Engineer,"front end, ruby",,2025-05-29 17:55:24+00:00,2025-05
Raya,Senior Backend Engineer,"design, system, training, technical, support, software, ux, elasticsearch, node.js, lead, senior, go, engineer, engineering, educational, backend, digital nomad",Remote,2025-05-29 16:00:09+00:00,2025-05
Zeta,UX Designer II,"ux, design, front-end, designer, support, banking, senior, digital nomad",Bangalore,2025-05-29 12:00:35+00:00,2025-05
Founders Factory,Tech Cofounder CTO,"dev, full stack, api, engineer, senior, mobile",,2025-05-29 11:44:49+00:00,2025-05
97Focus,Meta Ads Specialist,marketing,,2025-05-29 08:27:40+00:00,2025-05
Elevate,Senior Full Stack Engineer,"engineer, senior, dev, javascript, full stack, english",,2025-05-28 21:00:14+00:00,2025-05
HELIX,DeFi Sales & Business Development Manager,"defi, manager, web3, crypto, growth, investor, strategy, marketing, sales",,2025-05-28 19:00:05+00:00,2025-05
HockeyStack,Senior Backend Engineer,"dev, javascript, backend, api, engineer",,2025-05-27 21:55:03+00:00,2025-05
Bitwise Asset Management,Frontend Software Engineer,"frontend, software, design, crypto, bitcoin, ethereum, ui, ux, code, financial, investment, finance, css, typescript, exec, management, lead, marketing, analytics, engineer, engineering, digital nomad",Remote,2025-05-27 18:00:03+00:00,2025-05
WEBTOON Entertainment Inc. (Wattpad &amp; WEBTOON Family of Brands),Wattpad Marketing Intern,"software, management, content, marketing, internship","Toronto, Ontario",2025-05-27 16:00:24+00:00,2025-05
pagesection.com,SEO guest posting & outreach freelancer,"marketing, content writing, seo",,2025-05-27 14:25:52+00:00,2025-05
Lemon.io,Senior Full stack Developer,"engineer, senior, dev, javascript, backend, full stack, design, react, saas, full time, ruby, python, node, crypto, web dev, nosql, shopify, wordpress, blockchain, web3, typescript, aws, solidity, pyton, django, startup, azure, figma, next, gcp, remote, PostgreSQL",,2025-05-27 09:56:21+00:00,2025-05
Sanctuary Computer,Senior Account Lead,"dev, exec, sys admin, saas, devops",,2025-05-26 15:46:29+00:00,2025-05
Narwhal Technologies Inc.,Developer Productivity Engineer,"developer, training, technical, support, travel, cloud, lead, senior, sales, engineer, engineering, digital nomad",Remote,2025-05-26 13:00:02+00:00,2025-05
Anchorage Digital,Growth Analyst Financial Institutions Group,"growth, analyst, crypto, security, support, financial, finance, bank, strategy, legal",United States,2025-05-26 12:00:03+00:00,2025-05
Flex,Paid Media Designer,"design, designer, software, testing, test, growth, manager, financial, video, finance, fintech, ads, content, marketing, analytics, legal, digital nomad",Remote,2025-05-26 11:00:03+00:00,2025-05
Payara,Spanish Speaking Software Support Engineer,"dev, engineer, java",,2025-05-26 09:05:18+00:00,2025-05
Smart Working Solutions,Full Stack .NET Developer,"developer, jira, front-end, back-end, technical, code, web, devops, javascript, microsoft, management, full-time, digital nomad",,2025-05-26 08:00:04+00:00,2025-05
wander.com,Typescript Engineer,dev,,2025-05-26 01:29:59+00:00,2025-05
Dscout,AI Technical Program Manager,"manager, full-stack, technical, support, software, test, growth, code, education, leader, lead, content, senior",United States,2025-05-26 00:03:30+00:00,2025-05
Distru,Implementation Specialist,"training, cfo, technical, software, happiness, management, operations, sales, engineering, full-time",Remote,2025-05-26 00:03:18+00:00,2025-05
Everly Health,Certified Medical Assistant,"assistant, technical, support, video, education, medical, health",Nationwide,2025-05-26 00:03:11+00:00,2025-05
"ACCUFILE, INC.",Research Analyst Law Librarian,"analyst, support, analytics, legal, non tech",,2025-05-26 00:03:05+00:00,2025-05
RainFocus,Project Manager,"manager, training, consulting, technical, support, software, travel, financial, microsoft, management, marketing","Lehi, Utah",2025-05-26 00:02:57+00:00,2025-05
AllTrails,Software Engineer II Android,"software, design, training, testing, test, ui, education, investment, java, mobile, android, go, engineer, digital nomad",Remote,2025-05-26 00:02:35+00:00,2025-05
Athena,Psychotherapist,"health, non tech","New York, NY",2025-05-26 00:02:27+00:00,2025-05
Huckleberry Labs,Editorial Writer,"training, technical, writer, support, seo, mobile, management, content, part-time","Los Angeles, CA",2025-05-26 00:02:20+00:00,2025-05
Hostaway,Staff Mobile Engineer React Native Europe,"react, design, ios, saas, security, technical, testing, test, growth, web, javascript, git, api, mobile, management, android, health, engineer, backend, digital nomad",,2025-05-26 00:02:03+00:00,2025-05
TransPerfect,English Language Data Annotator,"react, teach, training, legal, recruitment, full-time, non tech",,2025-05-26 00:01:52+00:00,2025-05
TransPerfect,Audio Annotator,"voice, speech",,2025-05-26 00:01:46+00:00,2025-05
Meeting Tomorrow,Graphic Designer Fully Position,"design, designer, technical, support, voice, management, marketing, digital nomad",Remote - United States only,2025-05-26 00:01:33+00:00,2025-05
Included Health,Physician,"support, medical, health, healthcare, recruiting, non tech",Remote,2025-05-26 00:01:25+00:00,2025-05
TransPerfect,Freelance English Annotator United States,"voice, speech",,2025-05-26 00:00:34+00:00,2025-05
H1,People Analytics Business Partner,"design, saas, hr, recruiter, support, payroll, strategy, management, lead, operations, analytics, biotech, health, healthcare, digital nomad",US Remote,2025-05-25 05:00:03+00:00,2025-05
Magnet Forensics,Technical Lead DevOps,"saas, embedded, security, technical, support, software, code, devops, cloud, git, leader, management, lead, operations, sales, recruitment, linux",United States,2025-05-24 20:00:03+00:00,2025-05
MediaLab,Full Stack Engineer,"design, react, front-end, frontend, security, music, full-stack, technical, transcribe, code, ruby, rails, reliability, engineer, engineering, backend, digital nomad",Remote U.S.,2025-05-23 20:00:01+00:00,2025-05
Contra,Senior Software Engineer,"engineer, full stack, dev",,2025-05-23 14:44:28+00:00,2025-05
Bitwise Asset Management,Frontend Software Engineer,"frontend, software, design, crypto, bitcoin, ethereum, ui, ux, code, financial, investment, finance, css, typescript, exec, management, lead, marketing, analytics, engineer, engineering, digital nomad",Remote,2025-05-23 14:00:10+00:00,2025-05
CI&amp;T,Job 23799 SÃªnior Java Developer Brazil,"developer, design, front-end, devops, java, digital nomad",Brazil,2025-05-23 00:00:06+00:00,2025-05
Titan,Software Engineer,"software, design, frontend, test, growth, code, web, lead, marketing, health, engineer, backend, digital nomad","Bengaluru, Karnataka",2025-05-22 14:00:04+00:00,2025-05
Sei Labs,Software Engineer Backend Fullstack,"software, web3, full-stack, cloud, management, engineer, engineering, backend, fullstack",,2025-05-22 12:00:03+00:00,2025-05
HealthCare,Jr Business Analyst,"analyst, students, technical, support, software, growth, microsoft, senior, operations, operational, marketing, excel, sales, health, medical, internship",Remote,2025-05-22 08:00:12+00:00,2025-05
Neon Pagamentos,Pessoa Advogada Jr Privacidade e ProteÃ§Ã£o de Dados,"design, digital nomad",Remoto,2025-05-22 00:00:07+00:00,2025-05
Prime design and build,project manager,"project manager, excel, design, other",,2025-05-21 23:37:25+00:00,2025-05
AE Virtual Class,Languages Instructors,other,,2025-05-21 21:44:44+00:00,2025-05
Foodsmart,Data Analyst,"analyst, python, growth, education, investment, operations, health, healthcare, engineering, executive",US,2025-05-21 00:00:09+00:00,2025-05
Ringbook,Senior Full Stack developer,"senior, dev, full stack",,2025-05-20 21:53:04+00:00,2025-05
Coin Market Cap Ltd,TikTok Video Director,"director, design, web3, copywriting, video, post-production, seo, content, analytics, digital nomad",,2025-05-20 18:00:02+00:00,2025-05
Anchorage Digital,Member of Compliance Sanctions,"crypto, cryptocurrency, system, security, support, testing, growth, travel, manager, financial, finance, bank, strategy, management, analytics, legal",United States,2025-05-20 12:00:04+00:00,2025-05
Anchorage Digital,Member of Product Marketing Protocols,"crypto, security, technical, support, copywriting, growth, financial, finance, bank, lead, content, marketing, legal, sales, educational",United States,2025-05-19 11:00:03+00:00,2025-05
Ironclad,Manager Engineering II Data Pipelines,"manager, design, hr, docker, technical, software, testing, growth, cloud, leader, management, operational, legal, sales, health, engineering, digital nomad",San Francisco,2025-05-17 13:00:04+00:00,2025-05
PIP Labs,Visual Designer,"design, web3, designer, management, content, senior, marketing, digital nomad",US,2025-05-16 22:00:03+00:00,2025-05
Symmetry Systems,Marketing Design Intern 2025 Summer Intern,"design, security, technical, support, software, video, management, content, marketing, digital nomad",Remote,2025-05-16 11:00:10+00:00,2025-05
Blueland,Lifecycle Marketing Associate,"support, growth, investment, strategy, management, marketing, part-time",Remote,2025-05-16 11:00:03+00:00,2025-05
Anchorage Digital,Member of Product Trading,"design, crypto, cryptocurrency, swift, security, technical, growth, voice, manager, financial, finance, bank, strategy, management, senior, legal, engineering, digital nomad",United States,2025-05-16 10:00:03+00:00,2025-05
EnableComp,Associate Attorney,"training, support, growth, financial, strategy, management, senior, legal, health, healthcare",,2025-05-16 00:00:06+00:00,2025-05
,,"sales, non tech",,2025-05-15 18:00:01+00:00,2025-05
Interaction Design Foundation,Member Support Unicorn,"admin, customer support, social media",,2025-05-15 11:41:41+00:00,2025-05
Notabene,Staff Frontend Engineer,"frontend, design, crypto, cryptocurrency, system, front-end, security, full-stack, technical, support, software, growth, code, web, manager, financial, fintech, typescript, lead, junior, reliability, engineer, engineering, digital nomad",,2025-05-15 10:00:03+00:00,2025-05
Warner Music Inc.,Staff Machine Learning Engineer,"music, design, system, training, software, cloud, junior, engineer, engineering, full-time, digital nomad",,2025-05-15 00:00:20+00:00,2025-05
Qualdoc,Recruiter,"system, recruiter, support, manager, microsoft, recruiting, recruitment",NA,2025-05-15 00:00:09+00:00,2025-05
Contra,Social Media Expert,social media,,2025-05-14 22:23:33+00:00,2025-05
Contra,App Designer,designer,,2025-05-14 22:22:19+00:00,2025-05
Daisychain,Full Stack Software Engineer,"engineer, dev, javascript, ruby, postgres, vue, typescript, redis, aws",,2025-05-14 15:01:34+00:00,2025-05
Trial Library,Testing Engineer,"testing, system, frontend, security, python, software, test, code, qa, typescript, api, reliability, health, healthcare, engineer, engineering, backend","San Francisco, CA",2025-05-14 00:00:07+00:00,2025-05
Find,Accountant,"accountant, support, controller, accounting, financial, finance, microsoft, management, operations, non tech",Sliema,2025-05-13 16:00:31+00:00,2025-05
Find,Commercial Content Editor,"crypto, cryptocurrency, financial, seo, management, content, operations, sales, non tech",,2025-05-13 16:00:25+00:00,2025-05
Oowlish Technology,Salesforce Engineer,"salesforce, software, growth, engineer",,2025-05-13 08:00:16+00:00,2025-05
Bluelight Consulting,Account Coordinator,"consulting, training, coordinator, support, growth, manager, education, management, content, senior, marketing","Indianapolis, Indiana",2025-05-13 08:00:10+00:00,2025-05
AVA Foundation,Head of Growth,"growth, design, web3, crypto, test, travel, strategy, management, lead, digital nomad",Anywhere,2025-05-13 06:00:04+00:00,2025-05
Public Cloud Group,Werkstudent im Bereich SAP &amp; Cloud Automation,"python, cloud, linux",Alle,2025-05-12 16:00:04+00:00,2025-05
WunderGraph,Senior Golang Engineer,"golang, graphql, senior, golang, engineer",,2025-05-12 10:15:02+00:00,2025-05
bloXroute Labs,Software Engineering Team Lead,"software, support, testing, growth, code, lead, go, engineering, backend",Remote,2025-05-12 09:00:02+00:00,2025-05
Bounteous,Salesforce Lead,"salesforce, design, security, consultancy, technical, software, management, lead, analytics, legal, digital nomad",India,2025-05-11 16:00:19+00:00,2025-05
FiscalNote,Mid Market Sales Account Executive,"salesforce, training, support, software, leader, management, lead, sales, recruiting, executive",United States - Remote,2025-05-11 16:00:12+00:00,2025-05
Vesta,Support Specialist,"system, security, support, software, financial, finance, cloud, engineering",Remote,2025-05-11 14:00:03+00:00,2025-05
Fullscript,Senior Data Analytics Engineer,"design, python, technical, support, testing, growth, code, devops, financial, cloud, leader, senior, junior, analytics, health, healthcare, engineer, engineering, digital nomad",,2025-05-10 21:00:03+00:00,2025-05
Cozymeal,Digital Editorial Manager,"manager, support, seo, lead, content",,2025-05-10 13:00:08+00:00,2025-05
